A Ashish Reddy,1
A Chandila,1
A Choudhary,1
A Mishra,1
A Mithun,1
A Nehra,1
A Nel,1
A Singh,1
A Symonds,1
A Uniyal,1
AB Agarkar,1
AD Mathews,1
AG Murtaza,1
AL Menaria,1
AM Nayar,1
AM Salvi,1
Anand Rajan,1
Ankit Sharma,1
Arshdeep Singh,1
Avesh Khan,1
B Akhil,1
B Kumar,1
B Stanlake,1
BA Stokes,1
BE Hendricks,1
BW Hilfenhaus,1
Bipul Sharma,1
CH Gayle,1
CH Morris,1
CR Brathwaite,1
CR Woakes,1
CV Varun,1
DE Bollinger,1
DJ Bravo,1
DJ Muthuswami,1
DJG Sammy,1
DJM Short,1
DL Chahar,1
DT Christian,1
DW Steyn,1
GB Hogg,1
GC Viljoen,1
GJ Maxwell,1
IK Pathan,1
IS Sodhi,1
Imran Tahir,1
Iqbal Abdulla,1
JA Morkel,1
JC Archer,1
JDP Oram,1
JE Taylor,1
JEC Franklin,1
JM Kemp,1
JPR Scantlebury-Searles,1
JW Hastings,1
Joginder Sharma,1
K Rabada,1
K Santokie,1
KA Pollard,1
KC Cariappa,1
KK Cooper,1
KMA Paul,1
KMDN Kulasekara,1
KW Richardson,1
L Balaji,1
LJ Wright,1
LR Shukla,1
M Morkel,1
MA Khote,1
MA Starc,1
MF Maharoof,1
MJ McClenaghan,1
MJ Santner,1
MM Sharma,1
MN Samuels,1
MR Marsh,1
Mohammed Siraj,1
Mustafizur Rahman,1
NLTC Perera,1
NM Coulter-Nile,1
P Amarnath,1
P Awana,1
P Negi,1
P Parameswaran,1
PD Collingwood,1
PP Chawla,1
R Bhatia,1
R Sathish,1
R Tewatia,1
R Vinay Kumar,1
RD Chahar,1
RE van der Merwe,1
RJ Peterson,1
RP Singh,1
Rashid Khan,1
S Aravind,1
S Badree,1
S Lamichhane,1
SB Bangar,1
SB Jakati,1
SB Styris,1
SB Wagh,1
SC Ganguly,1
SE Bond,1
SJ Srivastava,1
SK Warne,1
SL Malinga,1
SM Boland,1
SM Curran,1
SM Harwood,1
SMSM Senanayake,1
SN Thakur,1
SR Watson,1
Sandeep Sharma,1
Shahid Afridi,1
Shakib Al Hasan,1
Shoaib Ahmed,1
Swapnil Singh,1
T Thushara,1
TM Dilshan,1
TS Mills,1
V Pratap Singh,1
V Shankar,1
VY Mahesh,1
WA Mota,1
WPUJC Vaas,1
Washington Sundar,1
YS Chahal,1
Yuvraj Singh,1
Z Khan,1
A Chopra,2
A Mukund,2
AA Bilakhia,2
AB Barath,2
AB de Villiers,2
AC Blizzard,2
AC Gilchrist,2
AD Hales,2
AD Nath,2
AG Paunikar,2
AJ Finch,2
AJ Turner,2
AM Rahane,2
AN Ghosh,2
AP Majumdar,2
AP Tare,2
AR Bawne,2
AS Raut,2
AS Yadav,2
AT Rayudu,2
Anirudh Singh,2
B Chipli,2
B Sumanth,2
BB McCullum,2
BB Samantray,2
BJ Haddin,2
BR Dunk,2
C Madan,2
C Munro,2
CA Ingram,2
CA Lynn,2
CA Pujara,2
CJ Ferguson,2
CM Gautam,2
DA Miller,2
DA Warner,2
DB Das,2
DB Ravi Teja,2
DH Yagnik,2
DJ Jacobs,2
DM Bravo,2
DPMD Jayawardene,2
DR Martyn,2
DR Shorey,2
DS Lehmann,2
DT Patil,2
E Lewis,2
EJG Morgan,2
ER Dwivedi,2
F Behardien,2
F du Plessis,2
FY Fazal,2
G Gambhir,2
GC Smith,2
GJ Bailey,2
Gurkeerat Singh,2
H Das,2
H Klaasen,2
HH Gibbs,2
HM Amla,2
Harpreet Singh,2
IR Jaggi,2
Ishan Kishan,2
J Arunkumar,2
JC Buttler,2
JJ Roy,2
JL Denly,2
JM Bairstow,2
KB Arun Karthik,2
KC Sangakkara,2
KD Karthik,2
KH Devdhar,2
KK Nair,2
KL Rahul,2
KM Jadhav,2
KS Williamson,2
Kamran Akmal,2
L Ronchi,2
LA Pomersbach,2
LMP Simmons,2
LRPL Taylor,2
M Kaif,2
M Klinger,2
M Manhas,2
M Rawat,2
M Vijay,2
M Vohra,2
MA Agarwal,2
MC Juneja,2
MD Mishra,2
MDKJ Perera,2
MEK Hussey,2
MJ Guptill,2
MJ Lumb,2
MK Lomror,2
MK Pandey,2
MK Tiwary,2
ML Hayden,2
MN van Wyk,2
MS Bisla,2
MS Dhoni,2
MS Wade,2
MV Boucher,2
Mandeep Singh,2
Misbah-ul-Haq,2
Mohammad Ashraful,2
N Pooran,2
N Saini,2
NJ Maddinson,2
NJ Rimmington,2
NK Patel,2
NS Naik,2
NV Ojha,2
OA Shah,2
P Chopra,2
P Dharmani,2
P Dogra,2
P Simran Singh,2
PA Patel,2
PA Reddy,2
PP Shaw,2
PR Shah,2
PSP Handscomb,2
Q de Kock,2
R Bishnoi,2
R Dravid,2
RA Tripathi,2
RE Levi,2
RJ Quiney,2
RK Bhui,2
RK Singh,2
RR Pant,2
RR Rossouw,2
RR Sarwan,2
RS Sodhi,2
RT Ponting,2
RV Pawar,2
RV Uthappa,2
S Anirudha,2
S Badrinath,2
S Chanderpaul,2
S Dhawan,2
S Dube,2
S Rana,2
S Sohal,2
SA Asnodkar,2
SA Yadav,2
SD Chitnis,2
SD Lad,2
SE Marsh,2
SM Katich,2
SN Khan,2
SO Hetmyer,2
SP Fleming,2
SP Goswami,2
SP Jackson,2
SPD Smith,2
SR Tendulkar,2
SS Iyer,2
SS Shaikh,2
SS Tiwary,2
SV Samson,2
SW Billings,2
Sachin Baby,2
Salman Butt,2
Shubman Gill,2
Sunny Singh,2
T Kohli,2
T Mishra,2
T Taibu,2
TD Paine,2
TM Srivastava,2
TR Birt,2
U Kaul,2
UA Birla,2
UBT Chand,2
UT Khawaja,2
VH Zol,2
VVS Laxman,2
Vishnu Vinod,2
W Jaffer,2
WP Saha,2
X Thalaivan Sargunam,2
YV Takawale,2
Yashpal Singh,2
Younis Khan,2
A Dananjaya,3
AA Kazi,3
AC Voges,3
AUK Pathan,3
Abdur Razzak,3
BJ Rohrer,3
C Ganapathy,3
CJ Dala,3
CK Kapugedera,3
CL White,3
DJ Harris,3
Harpreet Brar,3
I Malhotra,3
K Goel,3
K Upadhyay,3
KAJ Roach,3
L Ablish,3
LPC Silva,3
LS Livingstone,3
MA Wood,3
MB Parmar,3
MG Neser,3
Mashrafe Mortaza,3
NL McCullum,3
P Prasanth,3
P Ray Barman,3
RA Shaikh,3
RR Bhatkal,3
RR Bose,3
RS Gavaskar,3
RW Price,3
Rasikh Salam,3
S Midhun,3
S Sriram,3
SA Abbott,3
Sunny Gupta,3
Tejas Baroka,3
VS Yeligati,3
Y Gnaneswara Rao,3
A Flintoff,4
BA Bhatt,4
BCJ Cutting,4
BMAJ Mendis,4
CJ McKay,4
DJ Willey,4
DNT Zoysa,4
DP Vijaykumar,4
HH Pandya,4
J Botha,4
JD Ryder,4
JH Kallis,4
JO Holder,4
JP Duminy,4
K Khejroliya,4
KP Appanna,4
LE Plunkett,4
LH Ferguson,4
M Muralitharan,4
M Ntini,4
M Prasidh Krishna,4
MC Henriques,4
MJ Clarke,4
MJ Henry,4
MP Stoinis,4
Mohammad Hafeez,4
Mohammed Shami,4
P Sahu,4
PJ Cummins,4
PM Sarvesh Kumar,4
PV Tambe,4
R Dhawan,4
R Parag,4
RG More,4
RR Raje,4
S Sandeep Warrier,4
SE Rutherford,4
SK Raina,4
Shivam Mavi,4
T Henderson,4
T Natarajan,4
T Shamsi,4
VR Aaron,4
Y Prithvi Raj,4
Ankit Soni,7
B Geeves,7
D Salunkhe,7
GS Sandhu,7
JDS Neesham,7
K Gowtham,7
KJ Abbott,7
Karanveer Singh,7
M Kartik,7
Parvez Rasool,7
S Tyagi,7
SB Joshi,7
TP Sudhindra,7
A Kumble,5
AA Chavan,5
AA Noffke,5
AB Dinda,5
AC Thomas,5
AD Russell,5
AF Milne,5
AJ Tye,5
AN Ahmed,5
AR Patel,5
AS Rajpoot,5
B Laughlin,5
B Lee,5
BAW Mendis,5
C Nanda,5
C de Grandhomme,5
CJ Anderson,5
D Kalyankrishna,5
DJ Hooda,5
DL Vettori,5
DP Nannes,5
DR Smith,5
DS Kulkarni,5
FH Edwards,5
GD McGrath,5
GR Napier,5
Gagandeep Singh,5
HF Gurney,5
HV Patel,5
Harbhajan Singh,5
Harmeet Singh,5
I Sharma,5
IC Pandey,5
J Theron,5
J Yadav,5
JJ Bumrah,5
JJ van der Wath,5
JP Behrendorff,5
JP Faulkner,5
JR Hopes,5
KH Pandya,5
Kuldeep Yadav,5
M Ashwin,5
M Markande,5
MG Johnson,5
MM Ali,5
MM Patel,5
MS Gony,5
Mohammad Asif,5
Mohammad Nabi,5
Mujeeb Ur Rahman,5
NA Saini,5
NB Singh,5
ND Doshi,5
P Kumar,5
PP Ojha,5
R Ashwin,5
R McLaren,5
R Rampaul,5
R Sharma,5
RA Jadeja,5
RJ Harris,5
RR Powar,5
S Kaul,5
S Nadeem,5
S Randiv,5
S Sreesanth,5
SC Kuggeleijn,5
SK Trivedi,5
SM Pollock,5
SP Narine,5
SS Agarwal,5
SS Sarkar,5
ST Jayasuriya,5
STR Binny,5
SW Tait,5
Shivam Sharma,5
Shoaib Malik,5
TA Boult,5
TG Southee,5
UT Yadav,5
VRV Singh,5
VS Malik,5
WD Parnell,5
YA Abdulla,5
YK Pathan,5
A Zampa,6
AA Jhunjhunwala,6
AB McDonald,6
AD Mascarenhas,6
AP Dole,6
AS Joseph,6
AS Roy,6
Abhishek Sharma,6
Anureet Singh,6
Azhar Mahmood,6
BB Sran,6
BJ Hodge,6
Basil Thampi,6
CJ Jordan,6
CK Langeveldt,6
CRD Fernando,6
D Wiese,6
D du Preez,6
DAJ Bracewell,6
DJ Hussey,6
DJ Thornely,6
GH Vihari,6
J Suchith,6
J Syed Mohammad,6
JD Unadkat,6
Jaskaran Singh,6
KK Ahmed,6
KM Asif,6
KP Pietersen,6
KV Sharma,6
Kamran Khan,6
L Ngidi,6
LA Carseldine,6
M de Lange,6
N Rana,6
O Thomas,6
P Suyal,6
PC Valthaty,6
PJ Sangwan,6
Pankaj Singh,6
R Ninan,6
R Shukla,6
RG Sharma,6
RN ten Doeschate,6
RS Bopara,6
RV Gomez,6
S Gopal,6
S Kaushik,6
S Ladda,6
S Narwal,6
S Vidyut,6
SS Mundhe,6
Shoaib Akhtar,6
Sohail Tanvir,6
TK Curran,6
TL Suman,6
TM Head,6
Umar Gul,6
V Kohli,6
V Sehwag,6
Y Nagar,6
Y Venugopal Rao,6
