A Ashish Reddy,1
A Chandila,2
A Chopra,3
A Choudhary,4
A Dananjaya,5
A Flintoff,6
A Kumble,7
A Mishra,8
A Mithun,9
A Mukund,10
A Nehra,11
A Nel,12
A Singh,13
A Symonds,14
A Uniyal,15
A Zampa,16
AA Bilakhia,17
AA Chavan,18
AA Jhunjhunwala,19
AA Kazi,20
AA Noffke,21
AB Agarkar,22
AB Barath,23
AB Dinda,24
AB McDonald,25
AB de Villiers,26
AC Blizzard,27
AC Gilchrist,28
AC Thomas,29
AC Voges,30
AD Hales,31
AD Mascarenhas,32
AD Mathews,33
AD Nath,34
AD Russell,35
AF Milne,36
AG Murtaza,37
AG Paunikar,38
AJ Finch,39
AJ Turner,40
AJ Tye,41
AL Menaria,42
AM Nayar,43
AM Rahane,44
AM Salvi,45
AN Ahmed,46
AN Ghosh,47
AP Dole,48
AP Majumdar,49
AP Tare,50
AR Bawne,51
AR Patel,52
AS Joseph,53
AS Rajpoot,54
AS Raut,55
AS Roy,56
AS Yadav,57
AT Rayudu,58
AUK Pathan,59
Abdur Razzak,60
Abhishek Sharma,61
Anand Rajan,62
Anirudh Singh,63
Ankit Sharma,64
Ankit Soni,65
Anureet Singh,66
Arshdeep Singh,67
Avesh Khan,68
Azhar Mahmood,69
B Akhil,70
B Chipli,71
B Geeves,72
B Kumar,73
B Laughlin,74
B Lee,75
B Stanlake,76
B Sumanth,77
BA Bhatt,78
BA Stokes,79
BAW Mendis,80
BB McCullum,81
BB Samantray,82
BB Sran,83
BCJ Cutting,84
BE Hendricks,85
BJ Haddin,86
BJ Hodge,87
BJ Rohrer,88
BMAJ Mendis,89
BR Dunk,90
BW Hilfenhaus,91
Basil Thampi,92
Bipul Sharma,93
C Ganapathy,94
C Madan,95
C Munro,96
C Nanda,97
C de Grandhomme,98
CA Ingram,99
CA Lynn,100
CA Pujara,101
CH Gayle,102
CH Morris,103
CJ Anderson,104
CJ Dala,105
CJ Ferguson,106
CJ Jordan,107
CJ McKay,108
CK Kapugedera,109
CK Langeveldt,110
CL White,111
CM Gautam,112
CR Brathwaite,113
CR Woakes,114
CRD Fernando,115
CV Varun,116
D Kalyankrishna,117
D Salunkhe,118
D Wiese,119
D du Preez,120
DA Miller,121
DA Warner,122
DAJ Bracewell,123
DB Das,124
DB Ravi Teja,125
DE Bollinger,126
DH Yagnik,127
DJ Bravo,128
DJ Harris,129
DJ Hooda,130
DJ Hussey,131
DJ Jacobs,132
DJ Muthuswami,133
DJ Thornely,134
DJ Willey,135
DJG Sammy,136
DJM Short,137
DL Chahar,138
DL Vettori,139
DM Bravo,140
DNT Zoysa,141
DP Nannes,142
DP Vijaykumar,143
DPMD Jayawardene,144
DR Martyn,145
DR Shorey,146
DR Smith,147
DS Kulkarni,148
DS Lehmann,149
DT Christian,150
DT Patil,151
DW Steyn,152
E Lewis,153
EJG Morgan,154
ER Dwivedi,155
F Behardien,156
F du Plessis,157
FH Edwards,158
FY Fazal,159
G Gambhir,160
GB Hogg,161
GC Smith,162
GC Viljoen,163
GD McGrath,164
GH Vihari,165
GJ Bailey,166
GJ Maxwell,167
GR Napier,168
GS Sandhu,169
Gagandeep Singh,170
Gurkeerat Singh,171
H Das,172
H Klaasen,173
HF Gurney,174
HH Gibbs,175
HH Pandya,176
HM Amla,177
HV Patel,178
Harbhajan Singh,179
Harmeet Singh,180
Harpreet Brar,181
Harpreet Singh,182
I Malhotra,183
I Sharma,184
IC Pandey,185
IK Pathan,186
IR Jaggi,187
IS Sodhi,188
Imran Tahir,189
Iqbal Abdulla,190
Ishan Kishan,191
J Arunkumar,192
J Botha,193
J Suchith,194
J Syed Mohammad,195
J Theron,196
J Yadav,197
JA Morkel,198
JC Archer,199
JC Buttler,200
JD Ryder,201
JD Unadkat,202
JDP Oram,203
JDS Neesham,204
JE Taylor,205
JEC Franklin,206
JH Kallis,207
JJ Bumrah,208
JJ Roy,209
JJ van der Wath,210
JL Denly,211
JM Bairstow,212
JM Kemp,213
JO Holder,214
JP Behrendorff,215
JP Duminy,216
JP Faulkner,217
JPR Scantlebury-Searles,218
JR Hopes,219
JW Hastings,220
Jaskaran Singh,221
Joginder Sharma,222
K Goel,223
K Gowtham,224
K Khejroliya,225
K Rabada,226
K Santokie,227
K Upadhyay,228
KA Pollard,229
KAJ Roach,230
KB Arun Karthik,231
KC Cariappa,232
KC Sangakkara,233
KD Karthik,234
KH Devdhar,235
KH Pandya,236
KJ Abbott,237
KK Ahmed,238
KK Cooper,239
KK Nair,240
KL Rahul,241
KM Asif,242
KM Jadhav,243
KMA Paul,244
KMDN Kulasekara,245
KP Appanna,246
KP Pietersen,247
KS Williamson,248
KV Sharma,249
KW Richardson,250
Kamran Akmal,251
Kamran Khan,252
Karanveer Singh,253
Kuldeep Yadav,254
L Ablish,255
L Balaji,256
L Ngidi,257
L Ronchi,258
LA Carseldine,259
LA Pomersbach,260
LE Plunkett,261
LH Ferguson,262
LJ Wright,263
LMP Simmons,264
LPC Silva,265
LR Shukla,266
LRPL Taylor,267
LS Livingstone,268
M Ashwin,269
M Kaif,270
M Kartik,271
M Klinger,272
M Manhas,273
M Markande,274
M Morkel,275
M Muralitharan,276
M Ntini,277
M Prasidh Krishna,278
M Rawat,279
M Vijay,280
M Vohra,281
M de Lange,282
MA Agarwal,283
MA Khote,284
MA Starc,285
MA Wood,286
MB Parmar,287
MC Henriques,288
MC Juneja,289
MD Mishra,290
MDKJ Perera,291
MEK Hussey,292
MF Maharoof,293
MG Johnson,294
MG Neser,295
MJ Clarke,296
MJ Guptill,297
MJ Henry,298
MJ Lumb,299
MJ McClenaghan,300
MJ Santner,301
MK Lomror,302
MK Pandey,303
MK Tiwary,304
ML Hayden,305
MM Ali,306
MM Patel,307
MM Sharma,308
MN Samuels,309
MN van Wyk,310
MP Stoinis,311
MR Marsh,312
MS Bisla,313
MS Dhoni,314
MS Gony,315
MS Wade,316
MV Boucher,317
Mandeep Singh,318
Mashrafe Mortaza,319
Misbah-ul-Haq,320
Mohammad Ashraful,321
Mohammad Asif,322
Mohammad Hafeez,323
Mohammad Nabi,324
Mohammed Shami,325
Mohammed Siraj,326
Mujeeb Ur Rahman,327
Mustafizur Rahman,328
N Pooran,329
N Rana,330
N Saini,331
NA Saini,332
NB Singh,333
ND Doshi,334
NJ Maddinson,335
NJ Rimmington,336
NK Patel,337
NL McCullum,338
NLTC Perera,339
NM Coulter-Nile,340
NS Naik,341
NV Ojha,342
O Thomas,343
OA Shah,344
P Amarnath,345
P Awana,346
P Chopra,347
P Dharmani,348
P Dogra,349
P Kumar,350
P Negi,351
P Parameswaran,352
P Prasanth,353
P Ray Barman,354
P Sahu,355
P Simran Singh,356
P Suyal,357
PA Patel,358
PA Reddy,359
PC Valthaty,360
PD Collingwood,361
PJ Cummins,362
PJ Sangwan,363
PM Sarvesh Kumar,364
PP Chawla,365
PP Ojha,366
PP Shaw,367
PR Shah,368
PSP Handscomb,369
PV Tambe,370
Pankaj Singh,371
Parvez Rasool,372
Q de Kock,373
R Ashwin,374
R Bhatia,375
R Bishnoi,376
R Dhawan,377
R Dravid,378
R McLaren,379
R Ninan,380
R Parag,381
R Rampaul,382
R Sathish,383
R Sharma,384
R Shukla,385
R Tewatia,386
R Vinay Kumar,387
RA Jadeja,388
RA Shaikh,389
RA Tripathi,390
RD Chahar,391
RE Levi,392
RE van der Merwe,393
RG More,394
RG Sharma,395
RJ Harris,396
RJ Peterson,397
RJ Quiney,398
RK Bhui,399
RK Singh,400
RN ten Doeschate,401
RP Singh,402
RR Bhatkal,403
RR Bose,404
RR Pant,405
RR Powar,406
RR Raje,407
RR Rossouw,408
RR Sarwan,409
RS Bopara,410
RS Gavaskar,411
RS Sodhi,412
RT Ponting,413
RV Gomez,414
RV Pawar,415
RV Uthappa,416
RW Price,417
Rashid Khan,418
Rasikh Salam,419
S Anirudha,420
S Aravind,421
S Badree,422
S Badrinath,423
S Chanderpaul,424
S Dhawan,425
S Dube,426
S Gopal,427
S Kaul,428
S Kaushik,429
S Ladda,430
S Lamichhane,431
S Midhun,432
S Nadeem,433
S Narwal,434
S Rana,435
S Randiv,436
S Sandeep Warrier,437
S Sohal,438
S Sreesanth,439
S Sriram,440
S Tyagi,441
S Vidyut,442
SA Abbott,443
SA Asnodkar,444
SA Yadav,445
SB Bangar,446
SB Jakati,447
SB Joshi,448
SB Styris,449
SB Wagh,450
SC Ganguly,451
SC Kuggeleijn,452
SD Chitnis,453
SD Lad,454
SE Bond,455
SE Marsh,456
SE Rutherford,457
SJ Srivastava,458
SK Raina,459
SK Trivedi,460
SK Warne,461
SL Malinga,462
SM Boland,463
SM Curran,464
SM Harwood,465
SM Katich,466
SM Pollock,467
SMSM Senanayake,468
SN Khan,469
SN Thakur,470
SO Hetmyer,471
SP Fleming,472
SP Goswami,473
SP Jackson,474
SP Narine,475
SPD Smith,476
SR Tendulkar,477
SR Watson,478
SS Agarwal,479
SS Iyer,480
SS Mundhe,481
SS Sarkar,482
SS Shaikh,483
SS Tiwary,484
ST Jayasuriya,485
STR Binny,486
SV Samson,487
SW Billings,488
SW Tait,489
Sachin Baby,490
Salman Butt,491
Sandeep Sharma,492
Shahid Afridi,493
Shakib Al Hasan,494
Shivam Mavi,495
Shivam Sharma,496
Shoaib Ahmed,497
Shoaib Akhtar,498
Shoaib Malik,499
Shubman Gill,500
Sohail Tanvir,501
Sunny Gupta,502
Sunny Singh,503
Swapnil Singh,504
T Henderson,505
T Kohli,506
T Mishra,507
T Natarajan,508
T Shamsi,509
T Taibu,510
T Thushara,511
TA Boult,512
TD Paine,513
TG Southee,514
TK Curran,515
TL Suman,516
TM Dilshan,517
TM Head,518
TM Srivastava,519
TP Sudhindra,520
TR Birt,521
TS Mills,522
Tejas Baroka,523
U Kaul,524
UA Birla,525
UBT Chand,526
UT Khawaja,527
UT Yadav,528
Umar Gul,529
V Kohli,530
V Pratap Singh,531
V Sehwag,532
V Shankar,533
VH Zol,534
VR Aaron,535
VRV Singh,536
VS Malik,537
VS Yeligati,538
VVS Laxman,539
VY Mahesh,540
Vishnu Vinod,541
W Jaffer,542
WA Mota,543
WD Parnell,544
WP Saha,545
WPUJC Vaas,546
Washington Sundar,547
X Thalaivan Sargunam,548
Y Gnaneswara Rao,549
Y Nagar,550
Y Prithvi Raj,551
Y Venugopal Rao,552
YA Abdulla,553
YK Pathan,554
YS Chahal,555
YV Takawale,556
Yashpal Singh,557
Younis Khan,558
Yuvraj Singh,559
Z Khan,560
